CREATE DATABASE [test_2]
GO
USE [test_2]
GO
/****** Object:  Table [dbo].[Заказ]    Script Date: 04.03.2026 20:37:38 ******/
SET ANSI_NULLS ON
GO
SET QUOTED_IDENTIFIER ON
GO
CREATE TABLE [dbo].[Заказ](
	[Номер] [int] NOT NULL,
	[Дата] [date] NOT NULL,
	[Дата доставки] [date] NOT NULL,
	[Код_пункта_выдачи] [int] NOT NULL,
	[Код_пользователя] [int] NOT NULL,
	[Код_для_получения] [varchar](50) NOT NULL,
	[Статус] [varchar](50) NOT NULL,
 CONSTRAINT [PK_Заказ] PRIMARY KEY CLUSTERED 
(
	[Номер] ASC
)WITH (PAD_INDEX = OFF, STATISTICS_NORECOMPUTE = OFF, IGNORE_DUP_KEY = OFF, ALLOW_ROW_LOCKS = ON, ALLOW_PAGE_LOCKS = ON, OPTIMIZE_FOR_SEQUENTIAL_KEY = OFF) ON [PRIMARY]
) ON [PRIMARY]
GO
/****** Object:  Table [dbo].[Пользователь]    Script Date: 04.03.2026 20:37:38 ******/
SET ANSI_NULLS ON
GO
SET QUOTED_IDENTIFIER ON
GO
CREATE TABLE [dbo].[Пользователь](
	[Код] [int] NOT NULL,
	[Роль] [varchar](50) NOT NULL,
	[ФИО] [varchar](70) NOT NULL,
	[Логин] [varchar](50) NOT NULL,
	[Пароль] [varchar](50) NOT NULL,
 CONSTRAINT [PK_Пользователь] PRIMARY KEY CLUSTERED 
(
	[Код] ASC
)WITH (PAD_INDEX = OFF, STATISTICS_NORECOMPUTE = OFF, IGNORE_DUP_KEY = OFF, ALLOW_ROW_LOCKS = ON, ALLOW_PAGE_LOCKS = ON, OPTIMIZE_FOR_SEQUENTIAL_KEY = OFF) ON [PRIMARY]
) ON [PRIMARY]
GO
/****** Object:  Table [dbo].[Пункты_выдачи]    Script Date: 04.03.2026 20:37:38 ******/
SET ANSI_NULLS ON
GO
SET QUOTED_IDENTIFIER ON
GO
CREATE TABLE [dbo].[Пункты_выдачи](
	[Код] [int] NOT NULL,
	[Адрес] [varchar](200) NOT NULL,
 CONSTRAINT [PK_Пункты_выдачи] PRIMARY KEY CLUSTERED 
(
	[Код] ASC
)WITH (PAD_INDEX = OFF, STATISTICS_NORECOMPUTE = OFF, IGNORE_DUP_KEY = OFF, ALLOW_ROW_LOCKS = ON, ALLOW_PAGE_LOCKS = ON, OPTIMIZE_FOR_SEQUENTIAL_KEY = OFF) ON [PRIMARY]
) ON [PRIMARY]
GO
/****** Object:  Table [dbo].[Список_заказа]    Script Date: 04.03.2026 20:37:38 ******/
SET ANSI_NULLS ON
GO
SET QUOTED_IDENTIFIER ON
GO
CREATE TABLE [dbo].[Список_заказа](
	[Код] [int] NOT NULL,
	[Номер_заказа] [int] NOT NULL,
	[Артикул_заказа] [varchar](50) NOT NULL,
	[Количество] [int] NOT NULL,
 CONSTRAINT [PK_Список_заказа] PRIMARY KEY CLUSTERED 
(
	[Код] ASC
)WITH (PAD_INDEX = OFF, STATISTICS_NORECOMPUTE = OFF, IGNORE_DUP_KEY = OFF, ALLOW_ROW_LOCKS = ON, ALLOW_PAGE_LOCKS = ON, OPTIMIZE_FOR_SEQUENTIAL_KEY = OFF) ON [PRIMARY]
) ON [PRIMARY]
GO
/****** Object:  Table [dbo].[Товар]    Script Date: 04.03.2026 20:37:38 ******/
SET ANSI_NULLS ON
GO
SET QUOTED_IDENTIFIER ON
GO
CREATE TABLE [dbo].[Товар](
	[Артикул] [varchar](50) NOT NULL,
	[Наименование] [varchar](50) NOT NULL,
	[Единица_измерения] [varchar](2) NOT NULL,
	[Цена] [numeric](10, 2) NOT NULL,
	[Поставщик] [varchar](50) NOT NULL,
	[Производитель] [varchar](50) NOT NULL,
	[Категория] [varchar](50) NOT NULL,
	[Скидка] [int] NULL,
	[Количествво] [int] NOT NULL,
	[Описание] [varchar](max) NULL,
	[Фото] [varchar](max) NULL,
 CONSTRAINT [PK_Товар] PRIMARY KEY CLUSTERED 
(
	[Артикул] ASC
)WITH (PAD_INDEX = OFF, STATISTICS_NORECOMPUTE = OFF, IGNORE_DUP_KEY = OFF, ALLOW_ROW_LOCKS = ON, ALLOW_PAGE_LOCKS = ON, OPTIMIZE_FOR_SEQUENTIAL_KEY = OFF) ON [PRIMARY]
) ON [PRIMARY] TEXTIMAGE_ON [PRIMARY]
GO
INSERT [dbo].[Заказ] ([Номер], [Дата], [Дата доставки], [Код_пункта_выдачи], [Код_пользователя], [Код_для_получения], [Статус]) VALUES (1, CAST(N'2025-02-27' AS Date), CAST(N'2025-04-20' AS Date), 1, 4, N'901', N'Завершен')
GO
INSERT [dbo].[Заказ] ([Номер], [Дата], [Дата доставки], [Код_пункта_выдачи], [Код_пользователя], [Код_для_получения], [Статус]) VALUES (2, CAST(N'2022-09-28' AS Date), CAST(N'2025-04-21' AS Date), 11, 1, N'902', N'Завершен')
GO
INSERT [dbo].[Заказ] ([Номер], [Дата], [Дата доставки], [Код_пункта_выдачи], [Код_пользователя], [Код_для_получения], [Статус]) VALUES (3, CAST(N'2025-03-21' AS Date), CAST(N'2025-04-22' AS Date), 2, 2, N'903', N'Завершен')
GO
INSERT [dbo].[Заказ] ([Номер], [Дата], [Дата доставки], [Код_пункта_выдачи], [Код_пользователя], [Код_для_получения], [Статус]) VALUES (4, CAST(N'2025-02-20' AS Date), CAST(N'2025-04-23' AS Date), 11, 3, N'904', N'Завершен')
GO
INSERT [dbo].[Заказ] ([Номер], [Дата], [Дата доставки], [Код_пункта_выдачи], [Код_пользователя], [Код_для_получения], [Статус]) VALUES (5, CAST(N'2025-03-17' AS Date), CAST(N'2025-04-24' AS Date), 2, 4, N'905', N'Завершен')
GO
INSERT [dbo].[Заказ] ([Номер], [Дата], [Дата доставки], [Код_пункта_выдачи], [Код_пользователя], [Код_для_получения], [Статус]) VALUES (6, CAST(N'2025-03-01' AS Date), CAST(N'2025-04-25' AS Date), 15, 1, N'906', N'Завершен')
GO
INSERT [dbo].[Заказ] ([Номер], [Дата], [Дата доставки], [Код_пункта_выдачи], [Код_пользователя], [Код_для_получения], [Статус]) VALUES (7, CAST(N'2025-02-28' AS Date), CAST(N'2025-04-26' AS Date), 3, 2, N'907', N'Завершен')
GO
INSERT [dbo].[Заказ] ([Номер], [Дата], [Дата доставки], [Код_пункта_выдачи], [Код_пользователя], [Код_для_получения], [Статус]) VALUES (8, CAST(N'2025-03-31' AS Date), CAST(N'2025-04-27' AS Date), 19, 3, N'908', N'Новый')
GO
INSERT [dbo].[Заказ] ([Номер], [Дата], [Дата доставки], [Код_пункта_выдачи], [Код_пользователя], [Код_для_получения], [Статус]) VALUES (9, CAST(N'2025-04-02' AS Date), CAST(N'2025-04-28' AS Date), 5, 4, N'909', N'Новый')
GO
INSERT [dbo].[Заказ] ([Номер], [Дата], [Дата доставки], [Код_пункта_выдачи], [Код_пользователя], [Код_для_получения], [Статус]) VALUES (10, CAST(N'2025-04-03' AS Date), CAST(N'2025-04-29' AS Date), 19, 4, N'910', N'Новый')
GO
INSERT [dbo].[Пользователь] ([Код], [Роль], [ФИО], [Логин], [Пароль]) VALUES (0, N'', N'', N'', N'')
GO
INSERT [dbo].[Пользователь] ([Код], [Роль], [ФИО], [Логин], [Пароль]) VALUES (1, N'Администратор', N'Никифорова Весения Николаевна', N'94d5ous@gmail.com', N'uzWC67')
GO
INSERT [dbo].[Пользователь] ([Код], [Роль], [ФИО], [Логин], [Пароль]) VALUES (2, N'Администратор', N'Сазонов Руслан Германович', N'uth4iz@mail.com', N'2L6KZG')
GO
INSERT [dbo].[Пользователь] ([Код], [Роль], [ФИО], [Логин], [Пароль]) VALUES (3, N'Администратор', N'Одинцов Серафим Артёмович', N'yzls62@outlook.com', N'JlFRCZ')
GO
INSERT [dbo].[Пользователь] ([Код], [Роль], [ФИО], [Логин], [Пароль]) VALUES (4, N'Менеджер', N'Степанов Михаил Артёмович', N'1diph5e@tutanota.com', N'8ntwUp')
GO
INSERT [dbo].[Пользователь] ([Код], [Роль], [ФИО], [Логин], [Пароль]) VALUES (5, N'Менеджер', N'Ворсин Петр Евгеньевич', N'tjde7c@yahoo.com', N'YOyhfR')
GO
INSERT [dbo].[Пользователь] ([Код], [Роль], [ФИО], [Логин], [Пароль]) VALUES (6, N'Менеджер', N'Старикова Елена Павловна', N'wpmrc3do@tutanota.com', N'RSbvHv')
GO
INSERT [dbo].[Пользователь] ([Код], [Роль], [ФИО], [Логин], [Пароль]) VALUES (7, N'Авторизированный клиент', N'Михайлюк Анна Вячеславовна', N'5d4zbu@tutanota.com', N'rwVDh9')
GO
INSERT [dbo].[Пользователь] ([Код], [Роль], [ФИО], [Логин], [Пароль]) VALUES (8, N'Авторизированный клиент', N'Ситдикова Елена Анатольевна', N'ptec8ym@yahoo.com', N'LdNyos')
GO
INSERT [dbo].[Пользователь] ([Код], [Роль], [ФИО], [Логин], [Пароль]) VALUES (9, N'Авторизированный клиент', N'Ворсин Петр Евгеньевич', N'1qz4kw@mail.com', N'gynQMT')
GO
INSERT [dbo].[Пользователь] ([Код], [Роль], [ФИО], [Логин], [Пароль]) VALUES (10, N'Авторизированный клиент', N'Старикова Елена Павловна', N'4np6se@mail.com', N'AtnDjr')
GO
INSERT [dbo].[Пользователь] ([Код], [Роль], [ФИО], [Логин], [Пароль]) VALUES (11, N'Администратор', N'Курбанов Артур Александрович', N'antonpetrovo643@gmail.com', N'123098')
GO
INSERT [dbo].[Пункты_выдачи] ([Код], [Адрес]) VALUES (1, N'420151, г. Лесной, ул. Вишневая, 32')
GO
INSERT [dbo].[Пункты_выдачи] ([Код], [Адрес]) VALUES (2, N'125061, г. Лесной, ул. Подгорная, 8')
GO
INSERT [dbo].[Пункты_выдачи] ([Код], [Адрес]) VALUES (3, N'630370, г. Лесной, ул. Шоссейная, 24')
GO
INSERT [dbo].[Пункты_выдачи] ([Код], [Адрес]) VALUES (4, N'400562, г. Лесной, ул. Зеленая, 32')
GO
INSERT [dbo].[Пункты_выдачи] ([Код], [Адрес]) VALUES (5, N'614510, г. Лесной, ул. Маяковского, 47')
GO
INSERT [dbo].[Пункты_выдачи] ([Код], [Адрес]) VALUES (6, N'410542, г. Лесной, ул. Светлая, 46')
GO
INSERT [dbo].[Пункты_выдачи] ([Код], [Адрес]) VALUES (7, N'620839, г. Лесной, ул. Цветочная, 8')
GO
INSERT [dbo].[Пункты_выдачи] ([Код], [Адрес]) VALUES (8, N'443890, г. Лесной, ул. Коммунистическая, 1')
GO
INSERT [dbo].[Пункты_выдачи] ([Код], [Адрес]) VALUES (9, N'603379, г. Лесной, ул. Спортивная, 46')
GO
INSERT [dbo].[Пункты_выдачи] ([Код], [Адрес]) VALUES (10, N'603721, г. Лесной, ул. Гоголя, 41')
GO
INSERT [dbo].[Пункты_выдачи] ([Код], [Адрес]) VALUES (11, N'410172, г. Лесной, ул. Северная, 13')
GO
INSERT [dbo].[Пункты_выдачи] ([Код], [Адрес]) VALUES (12, N'614611, г. Лесной, ул. Молодежная, 50')
GO
INSERT [dbo].[Пункты_выдачи] ([Код], [Адрес]) VALUES (13, N'454311, г.Лесной, ул. Новая, 19')
GO
INSERT [dbo].[Пункты_выдачи] ([Код], [Адрес]) VALUES (14, N'660007, г.Лесной, ул. Октябрьская, 19')
GO
INSERT [dbo].[Пункты_выдачи] ([Код], [Адрес]) VALUES (15, N'603036, г. Лесной, ул. Садовая, 4')
GO
INSERT [dbo].[Пункты_выдачи] ([Код], [Адрес]) VALUES (16, N'394060, г.Лесной, ул. Фрунзе, 43')
GO
INSERT [dbo].[Пункты_выдачи] ([Код], [Адрес]) VALUES (17, N'410661, г. Лесной, ул. Школьная, 50')
GO
INSERT [dbo].[Пункты_выдачи] ([Код], [Адрес]) VALUES (18, N'625590, г. Лесной, ул. Коммунистическая, 20')
GO
INSERT [dbo].[Пункты_выдачи] ([Код], [Адрес]) VALUES (19, N'625683, г. Лесной, ул. 8 Марта')
GO
INSERT [dbo].[Пункты_выдачи] ([Код], [Адрес]) VALUES (20, N'450983, г.Лесной, ул. Комсомольская, 26')
GO
INSERT [dbo].[Пункты_выдачи] ([Код], [Адрес]) VALUES (21, N'394782, г. Лесной, ул. Чехова, 3')
GO
INSERT [dbo].[Пункты_выдачи] ([Код], [Адрес]) VALUES (22, N'603002, г. Лесной, ул. Дзержинского, 28')
GO
INSERT [dbo].[Пункты_выдачи] ([Код], [Адрес]) VALUES (23, N'450558, г. Лесной, ул. Набережная, 30')
GO
INSERT [dbo].[Пункты_выдачи] ([Код], [Адрес]) VALUES (24, N'344288, г. Лесной, ул. Чехова, 1')
GO
INSERT [dbo].[Пункты_выдачи] ([Код], [Адрес]) VALUES (25, N'614164, г.Лесной,  ул. Степная, 30')
GO
INSERT [dbo].[Пункты_выдачи] ([Код], [Адрес]) VALUES (26, N'394242, г. Лесной, ул. Коммунистическая, 43')
GO
INSERT [dbo].[Пункты_выдачи] ([Код], [Адрес]) VALUES (27, N'660540, г. Лесной, ул. Солнечная, 25')
GO
INSERT [dbo].[Пункты_выдачи] ([Код], [Адрес]) VALUES (28, N'125837, г. Лесной, ул. Шоссейная, 40')
GO
INSERT [dbo].[Пункты_выдачи] ([Код], [Адрес]) VALUES (29, N'125703, г. Лесной, ул. Партизанская, 49')
GO
INSERT [dbo].[Пункты_выдачи] ([Код], [Адрес]) VALUES (30, N'625283, г. Лесной, ул. Победы, 46')
GO
INSERT [dbo].[Пункты_выдачи] ([Код], [Адрес]) VALUES (31, N'614753, г. Лесной, ул. Полевая, 35')
GO
INSERT [dbo].[Пункты_выдачи] ([Код], [Адрес]) VALUES (32, N'426030, г. Лесной, ул. Маяковского, 44')
GO
INSERT [dbo].[Пункты_выдачи] ([Код], [Адрес]) VALUES (33, N'450375, г. Лесной ул. Клубная, 44')
GO
INSERT [dbo].[Пункты_выдачи] ([Код], [Адрес]) VALUES (34, N'625560, г. Лесной, ул. Некрасова, 12')
GO
INSERT [dbo].[Пункты_выдачи] ([Код], [Адрес]) VALUES (35, N'630201, г. Лесной, ул. Комсомольская, 17')
GO
INSERT [dbo].[Пункты_выдачи] ([Код], [Адрес]) VALUES (36, N'190949, г. Лесной, ул. Мичурина, 26')
GO
INSERT [dbo].[Список_заказа] ([Код], [Номер_заказа], [Артикул_заказа], [Количество]) VALUES (1, 1, N'А112Т4', 2)
GO
INSERT [dbo].[Список_заказа] ([Код], [Номер_заказа], [Артикул_заказа], [Количество]) VALUES (2, 2, N'H782T5', 1)
GO
INSERT [dbo].[Список_заказа] ([Код], [Номер_заказа], [Артикул_заказа], [Количество]) VALUES (3, 3, N'J384T6', 10)
GO
INSERT [dbo].[Список_заказа] ([Код], [Номер_заказа], [Артикул_заказа], [Количество]) VALUES (4, 4, N'F572H7', 5)
GO
INSERT [dbo].[Список_заказа] ([Код], [Номер_заказа], [Артикул_заказа], [Количество]) VALUES (5, 5, N'А112Т4', 2)
GO
INSERT [dbo].[Список_заказа] ([Код], [Номер_заказа], [Артикул_заказа], [Количество]) VALUES (6, 6, N'H782T5', 1)
GO
INSERT [dbo].[Список_заказа] ([Код], [Номер_заказа], [Артикул_заказа], [Количество]) VALUES (7, 7, N'J384T6', 10)
GO
INSERT [dbo].[Список_заказа] ([Код], [Номер_заказа], [Артикул_заказа], [Количество]) VALUES (8, 8, N'F572H7', 5)
GO
INSERT [dbo].[Список_заказа] ([Код], [Номер_заказа], [Артикул_заказа], [Количество]) VALUES (9, 9, N'B320R5', 5)
GO
INSERT [dbo].[Список_заказа] ([Код], [Номер_заказа], [Артикул_заказа], [Количество]) VALUES (10, 10, N'S213E3', 5)
GO
INSERT [dbo].[Список_заказа] ([Код], [Номер_заказа], [Артикул_заказа], [Количество]) VALUES (11, 1, N'F635R4', 2)
GO
INSERT [dbo].[Список_заказа] ([Код], [Номер_заказа], [Артикул_заказа], [Количество]) VALUES (12, 2, N'G783F5', 1)
GO
INSERT [dbo].[Список_заказа] ([Код], [Номер_заказа], [Артикул_заказа], [Количество]) VALUES (13, 3, N'D572U8', 10)
GO
INSERT [dbo].[Список_заказа] ([Код], [Номер_заказа], [Артикул_заказа], [Количество]) VALUES (14, 4, N'D329H3', 4)
GO
INSERT [dbo].[Список_заказа] ([Код], [Номер_заказа], [Артикул_заказа], [Количество]) VALUES (15, 5, N'F635R4', 2)
GO
INSERT [dbo].[Список_заказа] ([Код], [Номер_заказа], [Артикул_заказа], [Количество]) VALUES (16, 6, N'G783F5', 1)
GO
INSERT [dbo].[Список_заказа] ([Код], [Номер_заказа], [Артикул_заказа], [Количество]) VALUES (17, 7, N'D572U8', 10)
GO
INSERT [dbo].[Список_заказа] ([Код], [Номер_заказа], [Артикул_заказа], [Количество]) VALUES (18, 8, N'D329H3', 4)
GO
INSERT [dbo].[Список_заказа] ([Код], [Номер_заказа], [Артикул_заказа], [Количество]) VALUES (19, 9, N'G432E4', 1)
GO
INSERT [dbo].[Список_заказа] ([Код], [Номер_заказа], [Артикул_заказа], [Количество]) VALUES (20, 10, N'E482R4', 5)
GO
INSERT [dbo].[Товар] ([Артикул], [Наименование], [Единица_измерения], [Цена], [Поставщик], [Производитель], [Категория], [Скидка], [Количествво], [Описание], [Фото]) VALUES (N'', N'', N'', CAST(0.00 AS Numeric(10, 2)), N'', N'', N'', 0, 0, N'', N'')
GO
INSERT [dbo].[Товар] ([Артикул], [Наименование], [Единица_измерения], [Цена], [Поставщик], [Производитель], [Категория], [Скидка], [Количествво], [Описание], [Фото]) VALUES (N'B320R5', N'Туфли', N'шт', CAST(4300.00 AS Numeric(10, 2)), N'Kari', N'Rieker', N'Женская обувь', 2, 6, N'Туфли Rieker женские демисезонные, размер 41, цвет коричневый', N'9.jpg')
GO
INSERT [dbo].[Товар] ([Артикул], [Наименование], [Единица_измерения], [Цена], [Поставщик], [Производитель], [Категория], [Скидка], [Количествво], [Описание], [Фото]) VALUES (N'B431R5', N'Ботинки', N'шт', CAST(2700.00 AS Numeric(10, 2)), N'Обувь для вас', N'Rieker', N'Мужская обувь', 2, 5, N'Мужские кожаные ботинки/мужские ботинки', N'')
GO
INSERT [dbo].[Товар] ([Артикул], [Наименование], [Единица_измерения], [Цена], [Поставщик], [Производитель], [Категория], [Скидка], [Количествво], [Описание], [Фото]) VALUES (N'C436G5', N'Ботинки', N'шт', CAST(10200.00 AS Numeric(10, 2)), N'Kari', N'Alessio Nesca', N'Женская обувь', 15, 9, N'Ботинки женские, ARGO, размер 40', N'')
GO
INSERT [dbo].[Товар] ([Артикул], [Наименование], [Единица_измерения], [Цена], [Поставщик], [Производитель], [Категория], [Скидка], [Количествво], [Описание], [Фото]) VALUES (N'D268G5', N'Туфли', N'шт', CAST(4399.00 AS Numeric(10, 2)), N'Обувь для вас', N'Rieker', N'Женская обувь', 3, 12, N'Туфли Rieker женские демисезонные, размер 36, цвет коричневый', N'')
GO
INSERT [dbo].[Товар] ([Артикул], [Наименование], [Единица_измерения], [Цена], [Поставщик], [Производитель], [Категория], [Скидка], [Количествво], [Описание], [Фото]) VALUES (N'D329H3', N'Полуботинки', N'шт', CAST(1890.00 AS Numeric(10, 2)), N'Обувь для вас', N'Alessio Nesca', N'Женская обувь', 4, 4, N'Полуботинки Alessio Nesca женские 3-30797-47, размер 37, цвет: бордовый', N'8.jpg')
GO
INSERT [dbo].[Товар] ([Артикул], [Наименование], [Единица_измерения], [Цена], [Поставщик], [Производитель], [Категория], [Скидка], [Количествво], [Описание], [Фото]) VALUES (N'D364R4', N'Туфли', N'шт', CAST(12400.00 AS Numeric(10, 2)), N'Kari', N'Kari', N'Женская обувь', 16, 5, N'Туфли Luiza Belly женские Kate-lazo черные из натуральной замши', N'')
GO
INSERT [dbo].[Товар] ([Артикул], [Наименование], [Единица_измерения], [Цена], [Поставщик], [Производитель], [Категория], [Скидка], [Количествво], [Описание], [Фото]) VALUES (N'D572U8', N'Кроссовки', N'шт', CAST(4100.00 AS Numeric(10, 2)), N'Обувь для вас', N'Рос', N'Мужская обувь', 3, 6, N'129615-4 Кроссовки мужские', N'6.jpg')
GO
INSERT [dbo].[Товар] ([Артикул], [Наименование], [Единица_измерения], [Цена], [Поставщик], [Производитель], [Категория], [Скидка], [Количествво], [Описание], [Фото]) VALUES (N'E482R4', N'Полуботинки', N'шт', CAST(1800.00 AS Numeric(10, 2)), N'Kari', N'Kari', N'Женская обувь', 2, 14, N'Полуботинки kari женские MYZ20S-149, размер 41, цвет: черный', N'')
GO
INSERT [dbo].[Товар] ([Артикул], [Наименование], [Единица_измерения], [Цена], [Поставщик], [Производитель], [Категория], [Скидка], [Количествво], [Описание], [Фото]) VALUES (N'F427R5', N'Ботинки', N'шт', CAST(11800.00 AS Numeric(10, 2)), N'Обувь для вас', N'Rieker', N'Женская обувь', 15, 11, N'Ботинки на молнии с декоративной пряжкой FRAU', N'')
GO
INSERT [dbo].[Товар] ([Артикул], [Наименование], [Единица_измерения], [Цена], [Поставщик], [Производитель], [Категория], [Скидка], [Количествво], [Описание], [Фото]) VALUES (N'F572H7', N'Туфли', N'шт', CAST(2700.00 AS Numeric(10, 2)), N'Kari', N'Marco Tozzi', N'Женская обувь', 2, 14, N'Туфли Marco Tozzi женские летние, размер 39, цвет черный', N'7.jpg')
GO
INSERT [dbo].[Товар] ([Артикул], [Наименование], [Единица_измерения], [Цена], [Поставщик], [Производитель], [Категория], [Скидка], [Количествво], [Описание], [Фото]) VALUES (N'F635R4', N'Ботинки', N'шт', CAST(3244.00 AS Numeric(10, 2)), N'Обувь для вас', N'Marco Tozzi', N'Женская обувь', 2, 13, N'Ботинки Marco Tozzi женские демисезонные, размер 39, цвет бежевый', N'2.jpg')
GO
INSERT [dbo].[Товар] ([Артикул], [Наименование], [Единица_измерения], [Цена], [Поставщик], [Производитель], [Категория], [Скидка], [Количествво], [Описание], [Фото]) VALUES (N'G432E4', N'Туфли', N'шт', CAST(2800.00 AS Numeric(10, 2)), N'Kari', N'Kari', N'Женская обувь', 3, 15, N'Туфли kari женские TR-YR-413017, размер 37, цвет: черный', N'10.jpg')
GO
INSERT [dbo].[Товар] ([Артикул], [Наименование], [Единица_измерения], [Цена], [Поставщик], [Производитель], [Категория], [Скидка], [Количествво], [Описание], [Фото]) VALUES (N'G531F4', N'Ботинки', N'шт', CAST(6600.00 AS Numeric(10, 2)), N'Kari', N'Kari', N'Женская обувь', 12, 9, N'Ботинки женские зимние ROMER арт. 893167-01 Черный', N'')
GO
INSERT [dbo].[Товар] ([Артикул], [Наименование], [Единица_измерения], [Цена], [Поставщик], [Производитель], [Категория], [Скидка], [Количествво], [Описание], [Фото]) VALUES (N'G783F5', N'Ботинки', N'шт', CAST(5900.00 AS Numeric(10, 2)), N'Kari', N'Рос', N'Мужская обувь', 2, 8, N'Мужские ботинки Рос-Обувь кожаные с натуральным мехом', N'4.jpg')
GO
INSERT [dbo].[Товар] ([Артикул], [Наименование], [Единица_измерения], [Цена], [Поставщик], [Производитель], [Категория], [Скидка], [Количествво], [Описание], [Фото]) VALUES (N'H535R5', N'Ботинки', N'шт', CAST(2300.00 AS Numeric(10, 2)), N'Обувь для вас', N'Rieker', N'Женская обувь', 2, 7, N'Женские Ботинки демисезонные', N'')
GO
INSERT [dbo].[Товар] ([Артикул], [Наименование], [Единица_измерения], [Цена], [Поставщик], [Производитель], [Категория], [Скидка], [Количествво], [Описание], [Фото]) VALUES (N'H782T5', N'Туфли', N'шт', CAST(4499.00 AS Numeric(10, 2)), N'Kari', N'Kari', N'Мужская обувь', 4, 5, N'Туфли kari мужские классика MYZ21AW-450A, размер 43, цвет: черный', N'3.jpg')
GO
INSERT [dbo].[Товар] ([Артикул], [Наименование], [Единица_измерения], [Цена], [Поставщик], [Производитель], [Категория], [Скидка], [Количествво], [Описание], [Фото]) VALUES (N'J384T6', N'Ботинки', N'шт', CAST(3800.00 AS Numeric(10, 2)), N'Обувь для вас', N'Rieker', N'Мужская обувь', 2, 16, N'B3430/14 Полуботинки мужские Rieker', N'5.jpg')
GO
INSERT [dbo].[Товар] ([Артикул], [Наименование], [Единица_измерения], [Цена], [Поставщик], [Производитель], [Категория], [Скидка], [Количествво], [Описание], [Фото]) VALUES (N'J542F5', N'Тапочки', N'шт', CAST(500.00 AS Numeric(10, 2)), N'Kari', N'Kari', N'Мужская обувь', 13, 0, N'Тапочки мужские Арт.70701-55-67син р.41', N'')
GO
INSERT [dbo].[Товар] ([Артикул], [Наименование], [Единица_измерения], [Цена], [Поставщик], [Производитель], [Категория], [Скидка], [Количествво], [Описание], [Фото]) VALUES (N'K345R4', N'Полуботинки', N'шт', CAST(2100.00 AS Numeric(10, 2)), N'Обувь для вас', N'CROSBY', N'Мужская обувь', 2, 3, N'407700/01-02 Полуботинки мужские CROSBY', N'')
GO
INSERT [dbo].[Товар] ([Артикул], [Наименование], [Единица_измерения], [Цена], [Поставщик], [Производитель], [Категория], [Скидка], [Количествво], [Описание], [Фото]) VALUES (N'K358H6', N'Тапочки', N'шт', CAST(599.00 AS Numeric(10, 2)), N'Kari', N'Rieker', N'Мужская обувь', 20, 2, N'Тапочки мужские син р.41', N'')
GO
INSERT [dbo].[Товар] ([Артикул], [Наименование], [Единица_измерения], [Цена], [Поставщик], [Производитель], [Категория], [Скидка], [Количествво], [Описание], [Фото]) VALUES (N'L754R4', N'Полуботинки', N'шт', CAST(1700.00 AS Numeric(10, 2)), N'Kari', N'Kari', N'Женская обувь', 2, 7, N'Полуботинки kari женские WB2020SS-26, размер 38, цвет: черный', N'')
GO
INSERT [dbo].[Товар] ([Артикул], [Наименование], [Единица_измерения], [Цена], [Поставщик], [Производитель], [Категория], [Скидка], [Количествво], [Описание], [Фото]) VALUES (N'M542T5', N'Кроссовки', N'шт', CAST(2800.00 AS Numeric(10, 2)), N'Обувь для вас', N'Rieker', N'Мужская обувь', 18, 3, N'Кроссовки мужские TOFA', N'')
GO
INSERT [dbo].[Товар] ([Артикул], [Наименование], [Единица_измерения], [Цена], [Поставщик], [Производитель], [Категория], [Скидка], [Количествво], [Описание], [Фото]) VALUES (N'N457T5', N'Полуботинки', N'шт', CAST(4600.00 AS Numeric(10, 2)), N'Kari', N'CROSBY', N'Женская обувь', 3, 13, N'Полуботинки Ботинки черные зимние, мех', N'')
GO
INSERT [dbo].[Товар] ([Артикул], [Наименование], [Единица_измерения], [Цена], [Поставщик], [Производитель], [Категория], [Скидка], [Количествво], [Описание], [Фото]) VALUES (N'O754F4', N'Туфли', N'шт', CAST(5400.00 AS Numeric(10, 2)), N'Обувь для вас', N'Rieker', N'Женская обувь', 4, 18, N'Туфли женские демисезонные Rieker артикул 55073-68/37', N'')
GO
INSERT [dbo].[Товар] ([Артикул], [Наименование], [Единица_измерения], [Цена], [Поставщик], [Производитель], [Категория], [Скидка], [Количествво], [Описание], [Фото]) VALUES (N'P764G4', N'Туфли', N'шт', CAST(6800.00 AS Numeric(10, 2)), N'Kari', N'CROSBY', N'Женская обувь', 15, 15, N'Туфли женские, ARGO, размер 38', N'')
GO
INSERT [dbo].[Товар] ([Артикул], [Наименование], [Единица_измерения], [Цена], [Поставщик], [Производитель], [Категория], [Скидка], [Количествво], [Описание], [Фото]) VALUES (N'S213E3', N'Полуботинки', N'шт', CAST(2156.00 AS Numeric(10, 2)), N'Обувь для вас', N'CROSBY', N'Мужская обувь', 3, 6, N'407700/01-01 Полуботинки мужские CROSBY', N'')
GO
INSERT [dbo].[Товар] ([Артикул], [Наименование], [Единица_измерения], [Цена], [Поставщик], [Производитель], [Категория], [Скидка], [Количествво], [Описание], [Фото]) VALUES (N'S326R5', N'Тапочки', N'шт', CAST(9900.00 AS Numeric(10, 2)), N'Обувь для вас', N'CROSBY', N'Мужская обувь', 17, 15, N'"Мужские кожаные тапочки ""Профиль С.Дали"" "', N'')
GO
INSERT [dbo].[Товар] ([Артикул], [Наименование], [Единица_измерения], [Цена], [Поставщик], [Производитель], [Категория], [Скидка], [Количествво], [Описание], [Фото]) VALUES (N'S634B5', N'Кеды', N'шт', CAST(5500.00 AS Numeric(10, 2)), N'Обувь для вас', N'CROSBY', N'Мужская обувь', 3, 0, N'Кеды Caprice мужские демисезонные, размер 42, цвет черный', N'')
GO
INSERT [dbo].[Товар] ([Артикул], [Наименование], [Единица_измерения], [Цена], [Поставщик], [Производитель], [Категория], [Скидка], [Количествво], [Описание], [Фото]) VALUES (N'T324F5', N'Сапоги', N'шт', CAST(4699.00 AS Numeric(10, 2)), N'Kari', N'CROSBY', N'Женская обувь', 2, 5, N'Сапоги замша Цвет: синий', N'')
GO
INSERT [dbo].[Товар] ([Артикул], [Наименование], [Единица_измерения], [Цена], [Поставщик], [Производитель], [Категория], [Скидка], [Количествво], [Описание], [Фото]) VALUES (N'А112Т4', N'Ботинки', N'шт', CAST(4990.00 AS Numeric(10, 2)), N'Kari', N'Kari', N'Женская обувь', 3, 6, N'Женские Ботинки демисезонные kari', N'1.jpg')
GO
ALTER TABLE [dbo].[Заказ]  WITH CHECK ADD  CONSTRAINT [FK_Заказ_Пользователь] FOREIGN KEY([Код_пользователя])
REFERENCES [dbo].[Пользователь] ([Код])
GO
ALTER TABLE [dbo].[Заказ] CHECK CONSTRAINT [FK_Заказ_Пользователь]
GO
ALTER TABLE [dbo].[Заказ]  WITH CHECK ADD  CONSTRAINT [FK_Заказ_Пункты_выдачи] FOREIGN KEY([Код_пункта_выдачи])
REFERENCES [dbo].[Пункты_выдачи] ([Код])
GO
ALTER TABLE [dbo].[Заказ] CHECK CONSTRAINT [FK_Заказ_Пункты_выдачи]
GO
ALTER TABLE [dbo].[Список_заказа]  WITH CHECK ADD  CONSTRAINT [FK_Список_заказа_Заказ] FOREIGN KEY([Номер_заказа])
REFERENCES [dbo].[Заказ] ([Номер])
GO
ALTER TABLE [dbo].[Список_заказа] CHECK CONSTRAINT [FK_Список_заказа_Заказ]
GO
ALTER TABLE [dbo].[Список_заказа]  WITH CHECK ADD  CONSTRAINT [FK_Список_заказа_Товар] FOREIGN KEY([Артикул_заказа])
REFERENCES [dbo].[Товар] ([Артикул])
GO
ALTER TABLE [dbo].[Список_заказа] CHECK CONSTRAINT [FK_Список_заказа_Товар]
GO
